Urls,New Meta Title ,New Meta Descrption ,Urls Change,Current Meta Title,Current Meta description,h1
https://aameetingfinder.com/florida,AA Meetings in Florida | Find Alcoholics Anonymous Meetings,"Find AA meetings in Florida by city and location. Explore local Alcoholics Anonymous meetings, AA meeting resources, and recovery support near you.",,AA Meetings in Florida | AA Meeting Finder,"Find Alcoholics Anonymous service offices, intergroups, and central offices in Florida.",AA Meetings in Florida
https://aameetingfinder.com/florida/casselberry-central-florida-intergroup-service-orlando-area,"AA Meetings in Casselberry, FL | Central Florida Intergroup","Find AA meetings in Casselberry, FL through Central Florida Intergroup Service. Explore local AA meetings, Alcoholics Anonymous resources, and recovery support.",,"Central Florida Intergroup Service (Orlando Area) — Casselberry, Florida | AA Meeting Finder","AA service location in Casselberry, Florida. Find Alcoholics Anonymous support and meeting information.","AA Meetings in Casselberry, Florida - Central Florida Intergroup Service"
https://aameetingfinder.com/florida/crystal-river-nature-coast-intergroup,"AA Meetings in Crystal River, FL | Nature Coast Intergroup","Find AA meetings in Crystal River, FL through Nature Coast Intergroup. Explore local Alcoholics Anonymous meetings, AA resources, and recovery support.",,"Nature Coast Intergroup — Crystal River, Florida | AA Meeting Finder","AA service location in Crystal River, Florida. Find Alcoholics Anonymous support and meeting information.","AA Meetings in Crystal River, Florida – Nature Coast Intergroup"
https://aameetingfinder.com/florida/delray-beach-so-palm-beach-county-intergroup-inc,"AA Meetings in Delray Beach, FL | South Palm Beach County","Find AA meetings in Delray Beach, FL through South Palm Beach County Intergroup. Explore local Alcoholics Anonymous meetings, AA resources, and recovery support.",,"So. Palm Beach County Intergroup Inc. — Delray Beach, Florida | AA Meeting Finder","AA service location in Delray Beach, Florida. Find Alcoholics Anonymous support and meeting information.","AA Meetings in Delray Beach, Florida – South Palm Beach County"
https://aameetingfinder.com/florida/ft-myers-lee-county-area-intergroup,"AA Meetings in Fort Myers, FL | Lee County Area Intergroup","Find AA meetings in Fort Myers, FL through Lee County Area Intergroup. Explore local Alcoholics Anonymous meetings, AA resources, and recovery support.",,"Lee County Area Intergroup — Ft. Myers, Florida | AA Meeting Finder","AA service location in Ft. Myers, Florida. Find Alcoholics Anonymous support and meeting information.","AA Meetings in Fort Myers, Florida – Lee County Area Intergroup"
https://aameetingfinder.com/florida/ft-pierce-intergrupos-de-area-notre,"AA Meetings in Ft. Pierce, FL | Intergrupos de Area Notre","Find AA meetings in Ft. Pierce, FL through Intergrupos de Area Notre. Explore local Alcoholics Anonymous meetings, AA resources, and recovery support.",,"Intergrupos de Area Notre — Ft. Pierce, Florida | AA Meeting Finder","AA service location in Ft. Pierce, Florida. Find Alcoholics Anonymous support and meeting information.","AA Meetings in Ft. Pierce, Florida – Intergrupos de Area Notre"
https://aameetingfinder.com/florida/ft-walton-beach-intergroup-comm-of-district-14,"AA Meetings in Fort Walton Beach, FL | District 14 Intergroup","Find AA meetings in Fort Walton Beach, FL through District 14 Intergroup. Explore local Alcoholics Anonymous meetings, AA resources, and recovery support.",florida/fort-walton-beach-district-14-intergroup,"Intergroup Comm Of District 14 — Ft. Walton Beach, Florida | AA Meeting Finder","AA service location in Ft. Walton Beach, Florida. Find Alcoholics Anonymous support and meeting information.","AA Meetings in Fort Walton Beach, Florida – District 14 Intergroup"
https://aameetingfinder.com/florida/gainesville-north-central-florida-intergroup,"AA Meetings in Gainesville, FL | North Central Florida Intergroup","Find AA meetings in Gainesville, FL through North Central Florida Intergroup. Explore local Alcoholics Anonymous meetings, AA resources, and recovery support.",,"North Central Florida Intergroup — Gainesville, Florida | AA Meeting Finder","AA service location in Gainesville, Florida. Find Alcoholics Anonymous support and meeting information.","AA Meetings in Gainesville, Florida – North Central Florida Intergroup"
https://aameetingfinder.com/florida/hollywood-intergroupe-francais-en-floride-french,"AA Meetings in Hollywood, FL | French AA Intergroup","Find AA meetings in Hollywood, FL through the French Intergroup of Florida. Explore local Alcoholics Anonymous meetings, French AA resources, and recovery support.",,"Intergroupe Francais En Floride (French) — Hollywood, Florida | AA Meeting Finder","AA service location in Hollywood, Florida. Find Alcoholics Anonymous support and meeting information.","AA Meetings in Hollywood, Florida – French AA Intergroup"
https://aameetingfinder.com/florida/jacksonville-northeast-florida-intergroup,"AA Meetings in Jacksonville, FL | Northeast Florida Intergroup","Find AA meetings in Jacksonville, FL through Northeast Florida Intergroup. Explore local Alcoholics Anonymous meetings, AA resources, and recovery support.",,"Northeast Florida Intergroup — Jacksonville, Florida | AA Meeting Finder","AA service location in Jacksonville, Florida. Find Alcoholics Anonymous support and meeting information.","AA Meetings in Jacksonville, Florida – Northeast Florida Intergroup"
https://aameetingfinder.com/florida/key-largo-upper-keys-fl-intergroup,"AA Meetings in Key Largo, FL | Upper Keys Intergroup","Find AA meetings in Key Largo, FL through Upper Keys Intergroup. Explore local Alcoholics Anonymous meetings, AA resources, and recovery support.",,"Upper Keys FL Intergroup — Key Largo, Florida | AA Meeting Finder","AA service location in Key Largo, Florida. Find Alcoholics Anonymous support and meeting information.","AA Meetings in Key Largo, Florida – Upper Keys Intergroup"
https://aameetingfinder.com/florida/key-west-key-west-intergroup,"AA Meetings in Key West, FL | Key West Intergroup","Find AA meetings in Key West, FL through Key West Intergroup. Explore local Alcoholics Anonymous meetings, AA resources, and recovery support.",,"Key West Intergroup — Key West, Florida | AA Meeting Finder","AA service location in Key West, Florida. Find Alcoholics Anonymous support and meeting information.","AA Meetings in Key West, Florida – Key West Intergroup"
https://aameetingfinder.com/florida/kissimmee-osceola-county-intergroup,"AA Meetings in Kissimmee, FL | Osceola County Intergroup","Find AA meetings in Kissimmee, FL through Osceola County Intergroup. Explore local Alcoholics Anonymous meetings, AA resources, and recovery support.",,"Osceola County Intergroup — Kissimmee, Florida | AA Meeting Finder","AA service location in Kissimmee, Florida. Find Alcoholics Anonymous support and meeting information.","AA Meetings in Kissimmee, Florida – Osceola County Intergroup"
https://aameetingfinder.com/florida/lake-city-dist-16-helpline,"AA Meetings in Lake City, FL | District 16 AA Helpline","Find AA meetings in Lake City, FL through District 16 AA Helpline. Explore local Alcoholics Anonymous meetings, AA resources, and recovery support.",,"Dist. 16 Helpline — Lake City, Florida | AA Meeting Finder","AA service location in Lake City, Florida. Find Alcoholics Anonymous support and meeting information.","AA Meetings in Lake City, Florida – District 16 AA Helpline"
https://aameetingfinder.com/florida/lakeland-district-3-polk-highlands-hardee-counties,"AA Meetings in Lakeland, FL | District 3 | AA Meeting Finder","Find AA meetings in Lakeland, FL through District 3 Polk, Highlands & Hardee Counties. Explore local Alcoholics Anonymous meetings and recovery resources.",,"District 3 Polk, Highlands &amp; Hardee Counties — Lakeland, Florida | AA Meeting Finder","AA service location in Lakeland, Florida. Find Alcoholics Anonymous support and meeting information.","AA Meetings in Lakeland, Florida – District 3 - AA Meeting Finder"
https://aameetingfinder.com/florida/lakeland-heartland-intergroup-aa-inc,"AA Meetings in Lakeland, FL | Heartland Intergroup | AA Meeting Finder","Find AA meetings in Lakeland, FL through Heartland Intergroup. Explore local Alcoholics Anonymous meetings, AA resources, and recovery support.",,"Heartland Intergroup A.A. Inc — Lakeland, Florida | AA Meeting Finder","AA service location in Lakeland, Florida. Find Alcoholics Anonymous support and meeting information.","AA Meetings in Lakeland, Florida – Heartland Intergroup - AA Meeting Finder"
https://aameetingfinder.com/florida/leesburg-lake-sumter-central-office,"AA Meetings in Leesburg, FL | Lake-Sumter Central Office | AA Meeting Finder","Find AA meetings in Leesburg, FL through Lake-Sumter Central Office. Explore local Alcoholics Anonymous meetings, AA resources, and recovery support.",,"Lake Sumter Central Office — Leesburg, Florida | AA Meeting Finder","AA service location in Leesburg, Florida. Find Alcoholics Anonymous support and meeting information.","AA Meetings in Leesburg, Florida – Lake-Sumter Central Office - AA Meeting Finder"
https://aameetingfinder.com/florida/levygilchrist-dixie-counties-district-27-answering-service-for-levy-gilchrist-and-dixie-counties,"AA Meetings in Levy, Gilchrist & Dixie Counties | AA Meeting Finder","Find AA meetings in Levy, Gilchrist and Dixie Counties through District 27 AA. Explore local Alcoholics Anonymous meetings, AA resources, and recovery support.",/florida/levy-gilchrist-dixie-counties-district-27,"District 27 Answering Service for Levy, Gilchrist and Dixie Counties — Levy,Gilchrist, Dixie Counties, Florida | AA Meeting Finder","AA service location in Levy,Gilchrist, Dixie Counties, Florida. Find Alcoholics Anonymous support and meeting information.","AA Meetings in Levy, Gilchrist & Dixie Counties, Florida - District 27"
https://aameetingfinder.com/florida/melbourne-brevard-intergroup,"AA Meetings in Melbourne, FL | Brevard Intergroup | AA Meeting Finder","Find AA meetings in Melbourne, FL through Brevard Intergroup. Explore local Alcoholics Anonymous meetings, online AA meetings, and recovery resources.",,"Brevard Intergroup — Melbourne, Florida | AA Meeting Finder","AA service location in Melbourne, Florida. Find Alcoholics Anonymous support and meeting information.","AA Meetings in Melbourne, Florida – Brevard Intergroup - AA Meeting Finder"
https://aameetingfinder.com/florida/miami-central-miami-intergroup,"AA Meetings in Miami, FL | Central Miami Intergroup | AA Meeting Finder","Find AA meetings in Miami, FL through Central Miami Intergroup. Explore local Alcoholics Anonymous meetings, AA resources, and recovery support.",,"Central Miami Intergroup — Miami, Florida | AA Meeting Finder","AA service location in Miami, Florida. Find Alcoholics Anonymous support and meeting information.","AA Meetings in Miami, Florida – Central Miami Intergroup - AA Meeting Finder"
https://aameetingfinder.com/florida/miami-miami-dade-intergroup,"AA Meetings in Miami, FL | Miami-Dade Intergroup | AA Meeting Finder","Find AA meetings in Miami, FL through Miami-Dade Intergroup. Explore local Alcoholics Anonymous meetings, online AA meetings, and recovery resources.",,"Miami-Dade Intergroup — Miami, Florida | AA Meeting Finder","AA service location in Miami, Florida. Find Alcoholics Anonymous support and meeting information.","AA Meetings in Miami, Florida – Miami-Dade Intergroup - AA Meeting Finder"
https://aameetingfinder.com/florida/miami-oficina-intergrupal-hispana-del-sur,"AA Meetings in Miami, FL | Spanish AA Intergroup | AA Meeting Finder","Find AA meetings in Miami, FL through the Spanish AA Intergroup. Explore local Alcoholics Anonymous meetings, Spanish AA resources, and recovery support.",,"Oficina Intergrupal Hispana Del Sur — Miami, Florida | AA Meeting Finder","AA service location in Miami, Florida. Find Alcoholics Anonymous support and meeting information.","AA Meetings in Miami, Florida – Spanish AA Intergroup - AA Meeting Finder"
https://aameetingfinder.com/florida/naples-naples-area-intergroup,"AA Meetings in Naples, FL | Naples Area Intergroup | AA Meeting Finder","Find AA meetings in Naples, FL through Naples Area Intergroup. Explore local Alcoholics Anonymous meetings, online AA meetings, and recovery resources.",,"Naples Area Intergroup — Naples, Florida | AA Meeting Finder","AA service location in Naples, Florida. Find Alcoholics Anonymous support and meeting information.","AA Meetings in Naples, Florida – Naples Area Intergroup - AA Meeting Finder"
https://aameetingfinder.com/florida/new-port-richey-central-office-of-west-pasco,"AA Meetings in New Port Richey, FL | West Pasco Central Office | AA Meeting Finder","Find AA meetings in New Port Richey, FL through West Pasco Central Office. Explore local Alcoholics Anonymous meetings, AA resources, and recovery support.",,"Central Office Of West Pasco — New Port Richey, Florida | AA Meeting Finder","AA service location in New Port Richey, Florida. Find Alcoholics Anonymous support and meeting information.","AA Meetings in New Port Richey, Florida – West Pasco Central Office - AA Meeting Finder"
https://aameetingfinder.com/florida/north-port-intergroup-service-comm-of-the-5th-dist-inc,"AA Meetings in North Port, FL | District 5 Intergroup | AA Meeting Finder","Find AA meetings in North Port, FL through District 5 Intergroup. Explore local Alcoholics Anonymous meetings, online AA meetings, and recovery resources.",,"Intergroup Service Comm Of The 5th Dist Inc. — North Port, Florida | AA Meeting Finder","AA service location in North Port, Florida. Find Alcoholics Anonymous support and meeting information.","AA Meetings in North Port, Florida – District 5 Intergroup - AA Meeting Finder"
https://aameetingfinder.com/florida/oakland-park-broward-county-aa-intergroup,"AA Meetings in Oakland Park, FL | Broward County Intergroup | AA Meeting Finder","Find AA meetings in Oakland Park, FL through Broward County Intergroup. Explore local Alcoholics Anonymous meetings, AA resources, and recovery support.",,"Broward County A.A. Intergroup — Oakland Park, Florida | AA Meeting Finder","AA service location in Oakland Park, Florida. Find Alcoholics Anonymous support and meeting information.","AA Meetings in Oakland Park, Florida – Broward County Intergroup - AA Meeting Finder"
https://aameetingfinder.com/florida/ocala-intergroup-17,"AA Meetings in Ocala, FL | Intergroup 17 | AA Meeting Finder","Find AA meetings in Ocala, FL through Intergroup 17. Explore local Alcoholics Anonymous meetings, online AA meetings, and recovery resources.",,"Intergroup 17 — Ocala, Florida | AA Meeting Finder","AA service location in Ocala, Florida. Find Alcoholics Anonymous support and meeting information.","AA Meetings in Ocala, Florida – Intergroup 17 - AA Meeting Finder"
https://aameetingfinder.com/florida/orlando-oficina-intergrupal-de-orlando,"AA Meetings in Orlando, FL | Spanish AA Intergroup | AA Meeting Finder","Find AA meetings in Orlando, FL through Oficina Intergrupal de Orlando. Explore local Spanish AA meetings, Alcoholics Anonymous resources, and recovery support.",,"Oficina Intergrupal de Orlando — Orlando, Florida | AA Meeting Finder","AA service location in Orlando, Florida. Find Alcoholics Anonymous support and meeting information.","AA Meetings in Orlando, Florida – Spanish AA Intergroup - AA Meeting Finder"
https://aameetingfinder.com/florida/palm-coast-flagler-county-intergroup,"AA Meetings in Palm Coast, FL | Flagler County Intergroup | AA Meeting Finder","Find AA meetings in Palm Coast, FL through Flagler County Intergroup. Explore local Alcoholics Anonymous meetings, online AA meetings, and recovery resources.",,"Flagler County Intergroup — Palm Coast, Florida | AA Meeting Finder","AA service location in Palm Coast, Florida. Find Alcoholics Anonymous support and meeting information.","AA Meetings in Palm Coast, Florida – Flagler County Intergroup - AA Meeting Finder"
https://aameetingfinder.com/florida/panama-city-district-15-intergroup,"AA Meetings in Panama City, FL | District 15 Intergroup | AA Meeting Finder","Find AA meetings in Panama City, FL through District 15 Intergroup. Explore local Alcoholics Anonymous meetings, online AA meetings, and recovery resources.",,"District 15 Intergroup — Panama City, Florida | AA Meeting Finder","AA service location in Panama City, Florida. Find Alcoholics Anonymous support and meeting information.","AA Meetings in Panama City, Florida – District 15 Intergroup - AA Meeting Finder"
https://aameetingfinder.com/florida/pensacola-tri-district-intergroupinc,"AA Meetings in Pensacola, FL | Tri-District Intergroup | AA Meeting Finder","Find AA meetings in Pensacola, FL through Tri-District Intergroup. Explore local Alcoholics Anonymous meetings, online AA meetings, and recovery resources.",,"Tri-District Intergroup,Inc. — Pensacola, Florida | AA Meeting Finder","AA service location in Pensacola, Florida. Find Alcoholics Anonymous support and meeting information.","AA Meetings in Pensacola, Florida – Tri-District Intergroup - AA Meeting Finder"
https://aameetingfinder.com/florida/port-st-lucie-st-lucie-county-intergroup-association,"AA Meetings in Port St. Lucie, FL | St. Lucie County | AA Meeting Finder","Find AA meetings in Port St. Lucie, FL through St. Lucie County Intergroup. Explore local Alcoholics Anonymous meetings, online AA meetings, and recovery resources.",,"St. Lucie County Intergroup Association — Port St. Lucie, Florida | AA Meeting Finder","AA service location in Port St. Lucie, Florida. Find Alcoholics Anonymous support and meeting information.","AA Meetings in Port St. Lucie, Florida – St. Lucie County - AA Meeting Finder"
https://aameetingfinder.com/florida/saint-petersburg-pinellas-co-intergroup-inc,"AA Meetings in St. Petersburg, FL | Pinellas County Intergroup | AA Meeting Finder","Find AA meetings in St. Petersburg, FL through Pinellas County Intergroup. Explore local Alcoholics Anonymous meetings, online AA meetings, and recovery resources.",,"Pinellas Co. Intergroup Inc. — Saint Petersburg, Florida | AA Meeting Finder","AA service location in Saint Petersburg, Florida. Find Alcoholics Anonymous support and meeting information.","AA Meetings in St. Petersburg, Florida – Pinellas County Intergroup - AA Meeting Finder"
https://aameetingfinder.com/florida/sarasota-central-office-of-sara-mana-inc,"AA Meetings in Sarasota, FL | Sara-Mana Central Office | AA Meeting Finder","Find AA meetings in Sarasota, FL through Sara-Mana Central Office. Explore local Alcoholics Anonymous meetings, online AA meetings, and recovery resources.",,"Central Office Of Sara-Mana Inc. — Sarasota, Florida | AA Meeting Finder","AA service location in Sarasota, Florida. Find Alcoholics Anonymous support and meeting information.","AA Meetings in Sarasota, Florida – Sara-Mana Central Office - AA Meeting Finder"
https://aameetingfinder.com/florida/south-daytona-volusia-county-intergroup,"AA Meetings in South Daytona, FL | Volusia County Intergroup | AA Meeting Finder","Find AA meetings in South Daytona, FL through Volusia County Intergroup. Explore local Alcoholics Anonymous meetings, online AA meetings, and recovery resources.",,"Volusia County Intergroup — South Daytona, Florida | AA Meeting Finder","AA service location in South Daytona, Florida. Find Alcoholics Anonymous support and meeting information.","AA Meetings in South Daytona, Florida – Volusia County Intergroup - AA Meeting Finder"
https://aameetingfinder.com/florida/spring-hill-hernando-county-intergroup,"AA Meetings in Spring Hill, FL | Hernando County Intergroup | AA Meeting Finder","Find AA meetings in Spring Hill, FL through Hernando County Intergroup. Explore local Alcoholics Anonymous meetings, online AA meetings, and recovery resources.",,"Hernando County Intergroup — Spring Hill, Florida | AA Meeting Finder","AA service location in Spring Hill, Florida. Find Alcoholics Anonymous support and meeting information.","AA Meetings in Spring Hill, Florida – Hernando County Intergroup - AA Meeting Finder"
https://aameetingfinder.com/florida/stuart-intergroup-of-martin-county,"AA Meetings in Stuart, FL | Martin County Intergroup | AA Meeting Finder","Find AA meetings in Stuart, FL through Martin County Intergroup. Explore local Alcoholics Anonymous meetings, AA resources, and recovery support.",,"Intergroup Of Martin County — Stuart, Florida | AA Meeting Finder","AA service location in Stuart, Florida. Find Alcoholics Anonymous support and meeting information.","AA Meetings in Stuart, Florida – Martin County Intergroup - AA Meeting Finder"
https://aameetingfinder.com/florida/sunrise-oficina-intergrupal-hispana-de-aa-broward,"AA Meetings in Sunrise, FL | Spanish AA Intergroup | AA Meeting Finder","Find AA meetings in Sunrise, FL through Oficina Intergrupal Hispana de AA Broward. Explore Spanish AA meetings, Alcoholics Anonymous resources, and recovery support.",,"Oficina Intergrupal Hispana de A.A. Broward — Sunrise, Florida | AA Meeting Finder","AA service location in Sunrise, Florida. Find Alcoholics Anonymous support and meeting information.","AA Meetings in Sunrise, Florida – Spanish AA Intergroup - AA Meeting Finder"
https://aameetingfinder.com/florida/tallahassee-intergroup-5-inc,"AA Meetings in Tallahassee, FL | Intergroup 5 | AA Meeting Finder","Find AA meetings in Tallahassee, FL through Intergroup 5. Explore local Alcoholics Anonymous meetings, online AA meetings, and recovery resources.",,"Intergroup 5 Inc. — Tallahassee, Florida | AA Meeting Finder","AA service location in Tallahassee, Florida. Find Alcoholics Anonymous support and meeting information.","AA Meetings in Tallahassee, Florida – Intergroup 5 - AA Meeting Finder"
https://aameetingfinder.com/florida/tampa-oficina-intergrupal-de-tampa-bay,"AA Meetings in Tampa, FL | Spanish AA Intergroup | AA Meeting Finder","Find AA meetings in Tampa, FL through Oficina Intergrupal de Tampa-Bay. Explore Spanish AA meetings, Alcoholics Anonymous resources, and recovery support.",,"Oficina Intergrupal De Tampa-Bay — Tampa, Florida | AA Meeting Finder","AA service location in Tampa, Florida. Find Alcoholics Anonymous support and meeting information.","AA Meetings in Tampa, Florida – Spanish AA Intergroup - AA Meeting Finder"
https://aameetingfinder.com/florida/tampa-tri-county-central-office-inc,"AA Meetings in Tampa, FL | Tri-County Central Office | AA Meeting Finder","Find AA meetings in Tampa, FL through Tri-County Central Office. Explore local Alcoholics Anonymous meetings, online AA meetings, and recovery resources.",,"Tri-County Central Office, Inc — Tampa, Florida | AA Meeting Finder","AA service location in Tampa, Florida. Find Alcoholics Anonymous support and meeting information.","AA Meetings in Tampa, Florida – Tri-County Central Office - AA Meeting Finder"
https://aameetingfinder.com/florida/vero-beach-indian-river-central-office,"AA Meetings in Vero Beach, FL | Indian River Central Office | AA Meeting Finder","Find AA meetings in Vero Beach, FL through Indian River Central Office. Explore local Alcoholics Anonymous meetings, AA resources, and recovery support.",,"Indian River Central Office — Vero Beach, Florida | AA Meeting Finder","AA service location in Vero Beach, Florida. Find Alcoholics Anonymous support and meeting information.","AA Meetings in Vero Beach, Florida – Indian River Central Office - AA Meeting Finder"
https://aameetingfinder.com/florida/west-palm-beach-oficina-intergrupal-sur-de-florida-aa,"AA Meetings in West Palm Beach, FL | Spanish AA Intergroup | AA Meeting Finder","Find AA meetings in West Palm Beach, FL through Oficina Intergrupal Sur de Florida AA. Explore Spanish AA meetings, Alcoholics Anonymous resources, and recovery support.",,"Oficina Intergrupal Sur De Florida AA — West Palm Beach, Florida | AA Meeting Finder","AA service location in West Palm Beach, Florida. Find Alcoholics Anonymous support and meeting information.","AA Meetings in West Palm Beach, Florida – Spanish AA Intergroup - AA Meeting Finder"
https://aameetingfinder.com/florida/west-palm-beach-palm-beach-county-intergroup-association,"AA Meetings in West Palm Beach, FL | Palm Beach County Intergroup | AA Meeting Finder","Find AA meetings in West Palm Beach, FL through Palm Beach County Intergroup. Explore local Alcoholics Anonymous meetings, AA resources, and recovery support.",,"Palm Beach County Intergroup Association — West Palm Beach, Florida | AA Meeting Finder","AA service location in West Palm Beach, Florida. Find Alcoholics Anonymous support and meeting information.","AA Meetings in West Palm Beach, Florida – Palm Beach County Intergroup - AA Meeting Finder"